h,h,Student,b16c3a09-73b3-4627-9196-8865a29bdd0f
Johnny,123,Student,ad4b16fa-299d-46af-a968-1bdd951effb0
Bro,bro,Student,ec1119a5-ea4c-44c1-ab1d-971929df8847
Bros,bros,Student,9cb9750d-8bef-4150-a9a2-f07be0da37c7
asdf,asdf,Student,f7456e7b-057d-4e56-9b38-fbb95113143f
John,1,Student,365b7048-c966-4992-84c4-e79c62ef0af7
123,123,Student,a9872b00-4e20-4e4a-a437-ccb619f0de5a
Jon,John,Student,88c5ab8a-a925-4bf2-bd87-7ea7b1e518bc
admin,admin,Student,7b941e76-69d0-4eb2-ada7-64714f47ded8
George,George,Student,915e84ee-026b-4195-b73d-9089a73c72f7
hh,hh,FacultyMember,5007be1d-2474-4b20-97a5-8769c37f267d
dude,dude,Student,3c32cf8e-d772-45ed-b962-e5fc19f360ca
